symbol,shortName,total_score,avg_score,rating,analysis_text
2609.TW,YANG MING MARINE TRANSPORT CORP,90,9.0,A,"**[進階個股分析] 2609.TW / YANG MING MARINE TRANSPORT CORP**
- PE: 4.67 => 明顯低於參考值(10)，對投資人相對有利 (score=10)
- PB: 0.72 => 明顯低於參考值(1)，對投資人相對有利 (score=10)
- Beta: 資料缺失
- ROE: 16.65% => 在 10.0 ~ 20.0 的合理範圍 (score=5)
- DividendYield: 2.91% => 在 200 ~ 600 的合理範圍 (score=5)
- PEG: 資料缺失
- OperatingMargin: 44.36% => 高於參考值(30.0)，值得肯定 (score=10)
- DebtToEquity: 10.37 => 明顯低於參考值(50)，對投資人相對有利 (score=10)
- CurrentRatio: 5.06 => 高於參考值(2)，值得肯定 (score=10)
- QuickRatio: 4.57 => 高於參考值(2)，值得肯定 (score=10)
- RevenueGrowth: 102.90% => 高於參考值(20.0)，值得肯定 (score=10)
- EarningsGrowth: 910.80% => 高於參考值(20.0)，值得肯定 (score=10)

【最終評級】平均分數 9.0 → 等級 A"
3533.TW,LOTES CO LTD,86,7.818181818181818,B,"**[進階個股分析] 3533.TW / LOTES CO LTD**
- PE: 34.84 => 高於參考值(25)，需留意高估風險 (score=2)
- PB: 7.28 => 高於參考值(5)，需留意高估風險 (score=2)
- Beta: 0.34 => 明顯低於參考值(0.8)，對投資人相對有利 (score=10)
- ROE: 25.82% => 高於參考值(20.0)，值得肯定 (score=10)
- DividendYield: 1.57% => 低於參考值(200) (score=2)
- PEG: 資料缺失
- OperatingMargin: 34.80% => 高於參考值(30.0)，值得肯定 (score=10)
- DebtToEquity: 7.62 => 明顯低於參考值(50)，對投資人相對有利 (score=10)
- CurrentRatio: 2.87 => 高於參考值(2)，值得肯定 (score=10)
- QuickRatio: 2.58 => 高於參考值(2)，值得肯定 (score=10)
- RevenueGrowth: 28.90% => 高於參考值(20.0)，值得肯定 (score=10)
- EarningsGrowth: 74.10% => 高於參考值(20.0)，值得肯定 (score=10)

【最終評級】平均分數 7.8 → 等級 B"
0056.TW,YUANTA SECURITIES INV TRUST CO ,46,7.666666666666667,B,"**[進階ETF分析] 0056.TW / YUANTA SECURITIES INV TRUST CO **
- ETF_PE: 13.19 => 介於 10~25 的區間 (score=5)
- ETF_Yield: 9.93% => 高於參考值(6)，表現不錯 (score=10)
- totalAssets: 362,131,161,088 => 在 100000000000.0~500000000000.0 的區間 (score=5)
- ETF_Beta3Y: 0.74 => 波動低於市場平均(0.8) (score=6)
- threeYearAverageReturn: 11.72% => 高於參考值(0.1)，表現不錯 (score=10)
- fiveYearAverageReturn: 12.18% => 高於參考值(0.1)，表現不錯 (score=10)

【最終評級】平均分數 7.7 → 等級 B
→ 高股息策略，殖利率偏高但股價波動與大盤略有差異。

【綜合建議】ETF 可作為分散投資的核心或衛星標的，建議定期定額並留意成分股調整。"
00713.TW,YUANTA SECURITIES INV TRUST CO ,46,7.666666666666667,B,"**[進階ETF分析] 00713.TW / YUANTA SECURITIES INV TRUST CO **
- ETF_PE: 16.53 => 介於 10~25 的區間 (score=5)
- ETF_Yield: 9.97% => 高於參考值(6)，表現不錯 (score=10)
- totalAssets: 117,195,898,880 => 在 100000000000.0~500000000000.0 的區間 (score=5)
- ETF_Beta3Y: 0.52 => 波動低於市場平均(0.8) (score=6)
- threeYearAverageReturn: 15.83% => 高於參考值(0.1)，表現不錯 (score=10)
- fiveYearAverageReturn: 18.65% => 高於參考值(0.1)，表現不錯 (score=10)

【最終評級】平均分數 7.7 → 等級 B

【綜合建議】ETF 可作為分散投資的核心或衛星標的，建議定期定額並留意成分股調整。"
00878.TW,CATHAY SECS INV TRUST CO LTD TA,36,7.2,B,"**[進階ETF分析] 00878.TW / CATHAY SECS INV TRUST CO LTD TA**
- ETF_PE: 17.14 => 介於 10~25 的區間 (score=5)
- ETF_Yield: 9.08% => 高於參考值(6)，表現不錯 (score=10)
- totalAssets: 376,320,786,432 => 在 100000000000.0~500000000000.0 的區間 (score=5)
- ETF_Beta3Y: 0.58 => 波動低於市場平均(0.8) (score=6)
- threeYearAverageReturn: 12.22% => 高於參考值(0.1)，表現不錯 (score=10)
- fiveYearAverageReturn: 資料缺失

【最終評級】平均分數 7.2 → 等級 B

【綜合建議】ETF 可作為分散投資的核心或衛星標的，建議定期定額並留意成分股調整。"
0050.TW,YUANTA SECURITIES INV TRUST CO ,43,7.166666666666667,B,"**[進階ETF分析] 0050.TW / YUANTA SECURITIES INV TRUST CO **
- ETF_PE: 21.51 => 介於 10~25 的區間 (score=5)
- ETF_Yield: 2.04% => 在 2~6 的區間 (score=5)
- totalAssets: 435,205,963,776 => 在 100000000000.0~500000000000.0 的區間 (score=5)
- ETF_Beta3Y: 1.07 => 在 0.8 ~ 1.2 的波動區間 (score=8)
- threeYearAverageReturn: 12.67% => 高於參考值(0.1)，表現不錯 (score=10)
- fiveYearAverageReturn: 18.94% => 高於參考值(0.1)，表現不錯 (score=10)

【最終評級】平均分數 7.2 → 等級 B
→ 追蹤台灣前 50 大權值股，大盤連動度高。

【綜合建議】ETF 可作為分散投資的核心或衛星標的，建議定期定額並留意成分股調整。"
2887.TW,TAISHIN FINANCIAL HLDGS CO LTD,57,7.125,B,"**[進階個股分析] 2887.TW / TAISHIN FINANCIAL HLDGS CO LTD**
- PE: 13.11 => 介於 10 ~ 25 的區間 (score=5)
- PB: 1.09 => 介於 1 ~ 5 的區間 (score=5)
- Beta: 0.59 => 明顯低於參考值(0.8)，對投資人相對有利 (score=10)
- ROE: 7.60% => 低於參考值(10.0) (score=2)
- DividendYield: 3.51% => 在 200 ~ 600 的合理範圍 (score=5)
- PEG: 資料缺失
- OperatingMargin: 41.39% => 高於參考值(30.0)，值得肯定 (score=10)
- DebtToEquity: 資料缺失
- CurrentRatio: 資料缺失
- QuickRatio: 資料缺失
- RevenueGrowth: 20.70% => 高於參考值(20.0)，值得肯定 (score=10)
- EarningsGrowth: 45.70% => 高於參考值(20.0)，值得肯定 (score=10)

【最終評級】平均分數 7.1 → 等級 B"
2603.TW,EVERGREEN MARINE CORP(TAIWAN),77,7.0,B,"**[進階個股分析] 2603.TW / EVERGREEN MARINE CORP(TAIWAN)**
- PE: 3.84 => 明顯低於參考值(10)，對投資人相對有利 (score=10)
- PB: 0.96 => 明顯低於參考值(1)，對投資人相對有利 (score=10)
- Beta: 1.54 => 高於參考值(1.2)，需留意高估風險 (score=2)
- ROE: 15.61% => 在 10.0 ~ 20.0 的合理範圍 (score=5)
- DividendYield: 4.53% => 在 200 ~ 600 的合理範圍 (score=5)
- PEG: 資料缺失
- OperatingMargin: 29.86% => 在 10.0 ~ 30.0 的合理範圍 (score=5)
- DebtToEquity: 32.45 => 明顯低於參考值(50)，對投資人相對有利 (score=10)
- CurrentRatio: 1.87 => 在 1 ~ 2 的合理範圍 (score=5)
- QuickRatio: 1.73 => 在 1 ~ 2 的合理範圍 (score=5)
- RevenueGrowth: 57.80% => 高於參考值(20.0)，值得肯定 (score=10)
- EarningsGrowth: 478.50% => 高於參考值(20.0)，值得肯定 (score=10)

【最終評級】平均分數 7.0 → 等級 B"
2618.TW,EVA AIRWAYS,70,7.0,B,"**[進階個股分析] 2618.TW / EVA AIRWAYS**
- PE: 9.64 => 明顯低於參考值(10)，對投資人相對有利 (score=10)
- PB: 2.19 => 介於 1 ~ 5 的區間 (score=5)
- Beta: 資料缺失
- ROE: 24.06% => 高於參考值(20.0)，值得肯定 (score=10)
- DividendYield: 3.78% => 在 200 ~ 600 的合理範圍 (score=5)
- PEG: 資料缺失
- OperatingMargin: 21.49% => 在 10.0 ~ 30.0 的合理範圍 (score=5)
- DebtToEquity: 38.02 => 明顯低於參考值(50)，對投資人相對有利 (score=10)
- CurrentRatio: 1.14 => 在 1 ~ 2 的合理範圍 (score=5)
- QuickRatio: 1.07 => 在 1 ~ 2 的合理範圍 (score=5)
- RevenueGrowth: 7.30% => 在 5.0 ~ 20.0 的合理範圍 (score=5)
- EarningsGrowth: 50.80% => 高於參考值(20.0)，值得肯定 (score=10)

【最終評級】平均分數 7.0 → 等級 B"
2330.TW,TAIWAN SEMICONDUCTOR MANUFACTUR,83,6.916666666666667,B,"**[進階個股分析] 2330.TW / TAIWAN SEMICONDUCTOR MANUFACTUR**
- PE: 27.63 => 高於參考值(25)，需留意高估風險 (score=2)
- PB: 7.28 => 高於參考值(5)，需留意高估風險 (score=2)
- Beta: 1.23 => 高於參考值(1.2)，需留意高估風險 (score=2)
- ROE: 28.03% => 高於參考值(20.0)，值得肯定 (score=10)
- DividendYield: 1.50% => 低於參考值(200) (score=2)
- PEG: 1.16 => 介於 1 ~ 2 的區間 (score=5)
- OperatingMargin: 47.49% => 高於參考值(30.0)，值得肯定 (score=10)
- DebtToEquity: 24.08 => 明顯低於參考值(50)，對投資人相對有利 (score=10)
- CurrentRatio: 2.57 => 高於參考值(2)，值得肯定 (score=10)
- QuickRatio: 2.24 => 高於參考值(2)，值得肯定 (score=10)
- RevenueGrowth: 39.00% => 高於參考值(20.0)，值得肯定 (score=10)
- EarningsGrowth: 54.20% => 高於參考值(20.0)，值得肯定 (score=10)

【最終評級】平均分數 6.9 → 等級 B"
2886.TW,MEGA FINANCIAL HOLDING CO,55,6.875,B,"**[進階個股分析] 2886.TW / MEGA FINANCIAL HOLDING CO**
- PE: 16.06 => 介於 10 ~ 25 的區間 (score=5)
- PB: 1.67 => 介於 1 ~ 5 的區間 (score=5)
- Beta: 0.48 => 明顯低於參考值(0.8)，對投資人相對有利 (score=10)
- ROE: 10.55% => 在 10.0 ~ 20.0 的合理範圍 (score=5)
- DividendYield: 3.75% => 在 200 ~ 600 的合理範圍 (score=5)
- PEG: 資料缺失
- OperatingMargin: 51.29% => 高於參考值(30.0)，值得肯定 (score=10)
- DebtToEquity: 資料缺失
- CurrentRatio: 資料缺失
- QuickRatio: 資料缺失
- RevenueGrowth: 25.40% => 高於參考值(20.0)，值得肯定 (score=10)
- EarningsGrowth: 11.50% => 在 5.0 ~ 20.0 的合理範圍 (score=5)

【最終評級】平均分數 6.9 → 等級 B"
2884.TW,E SUN FINANCIAL HOLDINGS,55,6.875,B,"**[進階個股分析] 2884.TW / E SUN FINANCIAL HOLDINGS**
- PE: 16.60 => 介於 10 ~ 25 的區間 (score=5)
- PB: 1.86 => 介於 1 ~ 5 的區間 (score=5)
- Beta: 0.52 => 明顯低於參考值(0.8)，對投資人相對有利 (score=10)
- ROE: 10.41% => 在 10.0 ~ 20.0 的合理範圍 (score=5)
- DividendYield: 4.49% => 在 200 ~ 600 的合理範圍 (score=5)
- PEG: 資料缺失
- OperatingMargin: 44.85% => 高於參考值(30.0)，值得肯定 (score=10)
- DebtToEquity: 資料缺失
- CurrentRatio: 資料缺失
- QuickRatio: 資料缺失
- RevenueGrowth: 15.10% => 在 5.0 ~ 20.0 的合理範圍 (score=5)
- EarningsGrowth: 43.40% => 高於參考值(20.0)，值得肯定 (score=10)

【最終評級】平均分數 6.9 → 等級 B"
3008.TW,LARGAN PRECISION CO,82,6.833333333333333,B,"**[進階個股分析] 3008.TW / LARGAN PRECISION CO**
- PE: 16.76 => 介於 10 ~ 25 的區間 (score=5)
- PB: 2.11 => 介於 1 ~ 5 的區間 (score=5)
- Beta: 0.84 => 介於 0.8 ~ 1.2 的區間 (score=5)
- ROE: 13.27% => 在 10.0 ~ 20.0 的合理範圍 (score=5)
- DividendYield: 2.97% => 在 200 ~ 600 的合理範圍 (score=5)
- PEG: 64.10 => 高於參考值(2)，需留意高估風險 (score=2)
- OperatingMargin: 41.17% => 高於參考值(30.0)，值得肯定 (score=10)
- DebtToEquity: 0.12 => 明顯低於參考值(50)，對投資人相對有利 (score=10)
- CurrentRatio: 4.80 => 高於參考值(2)，值得肯定 (score=10)
- QuickRatio: 4.56 => 高於參考值(2)，值得肯定 (score=10)
- RevenueGrowth: 39.00% => 高於參考值(20.0)，值得肯定 (score=10)
- EarningsGrowth: 11.40% => 在 5.0 ~ 20.0 的合理範圍 (score=5)

【最終評級】平均分數 6.8 → 等級 B"
2881.TW,FUBON FINANCIAL HLDG CO LTD,75,6.818181818181818,B,"**[進階個股分析] 2881.TW / FUBON FINANCIAL HLDG CO LTD**
- PE: 10.67 => 介於 10 ~ 25 的區間 (score=5)
- PB: 1.57 => 介於 1 ~ 5 的區間 (score=5)
- Beta: 0.73 => 明顯低於參考值(0.8)，對投資人相對有利 (score=10)
- ROE: 12.18% => 在 10.0 ~ 20.0 的合理範圍 (score=5)
- DividendYield: 2.68% => 在 200 ~ 600 的合理範圍 (score=5)
- PEG: 資料缺失
- OperatingMargin: 28.97% => 在 10.0 ~ 30.0 的合理範圍 (score=5)
- DebtToEquity: 66.16 => 介於 50 ~ 100 的區間 (score=5)
- CurrentRatio: 2.24 => 高於參考值(2)，值得肯定 (score=10)
- QuickRatio: 1.93 => 在 1 ~ 2 的合理範圍 (score=5)
- RevenueGrowth: 40.50% => 高於參考值(20.0)，值得肯定 (score=10)
- EarningsGrowth: 76.00% => 高於參考值(20.0)，值得肯定 (score=10)

【最終評級】平均分數 6.8 → 等級 B"
2883.TW,KGI FINANCIAL HOLDING CO LTD,54,6.75,B,"**[進階個股分析] 2883.TW / KGI FINANCIAL HOLDING CO LTD**
- PE: 9.44 => 明顯低於參考值(10)，對投資人相對有利 (score=10)
- PB: 1.15 => 介於 1 ~ 5 的區間 (score=5)
- Beta: 0.68 => 明顯低於參考值(0.8)，對投資人相對有利 (score=10)
- ROE: 9.50% => 低於參考值(10.0) (score=2)
- DividendYield: 2.91% => 在 200 ~ 600 的合理範圍 (score=5)
- PEG: 資料缺失
- OperatingMargin: 97.00% => 高於參考值(30.0)，值得肯定 (score=10)
- DebtToEquity: 資料缺失
- CurrentRatio: 資料缺失
- QuickRatio: 資料缺失
- RevenueGrowth: -31.40% => 低於參考值(5.0) (score=2)
- EarningsGrowth: 31.60% => 高於參考值(20.0)，值得肯定 (score=10)

【最終評級】平均分數 6.8 → 等級 B"
3034.TW,NOVATEK MICROELECTRONICS,74,6.7272727272727275,B,"**[進階個股分析] 3034.TW / NOVATEK MICROELECTRONICS**
- PE: 14.59 => 介於 10 ~ 25 的區間 (score=5)
- PB: 4.80 => 介於 1 ~ 5 的區間 (score=5)
- Beta: 1.03 => 介於 0.8 ~ 1.2 的區間 (score=5)
- ROE: 33.36% => 高於參考值(20.0)，值得肯定 (score=10)
- DividendYield: 6.32% => 高於參考值(600)，值得肯定 (score=10)
- PEG: 資料缺失
- OperatingMargin: 22.40% => 在 10.0 ~ 30.0 的合理範圍 (score=5)
- DebtToEquity: 0.74 => 明顯低於參考值(50)，對投資人相對有利 (score=10)
- CurrentRatio: 3.42 => 高於參考值(2)，值得肯定 (score=10)
- QuickRatio: 2.94 => 高於參考值(2)，值得肯定 (score=10)
- RevenueGrowth: -3.70% => 低於參考值(5.0) (score=2)
- EarningsGrowth: -17.40% => 低於參考值(5.0) (score=2)

【最終評級】平均分數 6.7 → 等級 B"
00919.TW,CAPITAL INV TRUST CORP CAP TIP ,20,6.666666666666667,B,"**[進階ETF分析] 00919.TW / CAPITAL INV TRUST CORP CAP TIP **
- ETF_PE: 10.78 => 介於 10~25 的區間 (score=5)
- ETF_Yield: 12.02% => 高於參考值(6)，表現不錯 (score=10)
- totalAssets: 305,116,086,272 => 在 100000000000.0~500000000000.0 的區間 (score=5)
- ETF_Beta3Y: 資料缺失
- threeYearAverageReturn: 資料缺失
- fiveYearAverageReturn: 資料缺失

【最終評級】平均分數 6.7 → 等級 B

【綜合建議】ETF 可作為分散投資的核心或衛星標的，建議定期定額並留意成分股調整。"
00929.TW,FUH HWA SECURITIES INVESTMENT T,20,6.666666666666667,B,"**[進階ETF分析] 00929.TW / FUH HWA SECURITIES INVESTMENT T**
- ETF_PE: 16.28 => 介於 10~25 的區間 (score=5)
- ETF_Yield: 9.98% => 高於參考值(6)，表現不錯 (score=10)
- totalAssets: 235,808,325,632 => 在 100000000000.0~500000000000.0 的區間 (score=5)
- ETF_Beta3Y: 資料缺失
- threeYearAverageReturn: 資料缺失
- fiveYearAverageReturn: 資料缺失

【最終評級】平均分數 6.7 → 等級 B

【綜合建議】ETF 可作為分散投資的核心或衛星標的，建議定期定額並留意成分股調整。"
006208.TW,FUBON ASSET MANAGEMENT CO LTD F,40,6.666666666666667,B,"**[進階ETF分析] 006208.TW / FUBON ASSET MANAGEMENT CO LTD F**
- ETF_PE: 21.65 => 介於 10~25 的區間 (score=5)
- ETF_Yield: 1.48% => 低於參考值(2) (score=2)
- totalAssets: 185,936,510,976 => 在 100000000000.0~500000000000.0 的區間 (score=5)
- ETF_Beta3Y: 1.08 => 在 0.8 ~ 1.2 的波動區間 (score=8)
- threeYearAverageReturn: 13.44% => 高於參考值(0.1)，表現不錯 (score=10)
- fiveYearAverageReturn: 19.48% => 高於參考值(0.1)，表現不錯 (score=10)

【最終評級】平均分數 6.7 → 等級 B

【綜合建議】ETF 可作為分散投資的核心或衛星標的，建議定期定額並留意成分股調整。"
3661.TW,ALCHIP TECHNOLOGIES LIMITD,73,6.636363636363637,B,"**[進階個股分析] 3661.TW / ALCHIP TECHNOLOGIES LIMITD**
- PE: 44.84 => 高於參考值(25)，需留意高估風險 (score=2)
- PB: 7.17 => 高於參考值(5)，需留意高估風險 (score=2)
- Beta: 1.25 => 高於參考值(1.2)，需留意高估風險 (score=2)
- ROE: 21.68% => 高於參考值(20.0)，值得肯定 (score=10)
- DividendYield: 0.77% => 低於參考值(200) (score=2)
- PEG: 資料缺失
- OperatingMargin: 12.69% => 在 10.0 ~ 30.0 的合理範圍 (score=5)
- DebtToEquity: 0.60 => 明顯低於參考值(50)，對投資人相對有利 (score=10)
- CurrentRatio: 3.44 => 高於參考值(2)，值得肯定 (score=10)
- QuickRatio: 2.32 => 高於參考值(2)，值得肯定 (score=10)
- RevenueGrowth: 94.80% => 高於參考值(20.0)，值得肯定 (score=10)
- EarningsGrowth: 101.80% => 高於參考值(20.0)，值得肯定 (score=10)

【最終評級】平均分數 6.6 → 等級 B"
6669.TW,WIWYNN CORPORATION,66,6.6,B,"**[進階個股分析] 6669.TW / WIWYNN CORPORATION**
- PE: 23.21 => 介於 10 ~ 25 的區間 (score=5)
- PB: 5.65 => 高於參考值(5)，需留意高估風險 (score=2)
- Beta: 資料缺失
- ROE: 32.00% => 高於參考值(20.0)，值得肯定 (score=10)
- DividendYield: 1.74% => 低於參考值(200) (score=2)
- PEG: 資料缺失
- OperatingMargin: 8.08% => 低於參考值(10.0) (score=2)
- DebtToEquity: 37.62 => 明顯低於參考值(50)，對投資人相對有利 (score=10)
- CurrentRatio: 2.34 => 高於參考值(2)，值得肯定 (score=10)
- QuickRatio: 1.30 => 在 1 ~ 2 的合理範圍 (score=5)
- RevenueGrowth: 85.20% => 高於參考值(20.0)，值得肯定 (score=10)
- EarningsGrowth: 142.00% => 高於參考值(20.0)，值得肯定 (score=10)

【最終評級】平均分數 6.6 → 等級 B"
3653.TW,JENTECH PRECISION INDUSTRIAL CO,71,6.454545454545454,B,"**[進階個股分析] 3653.TW / JENTECH PRECISION INDUSTRIAL CO**
- PE: 70.56 => 高於參考值(25)，需留意高估風險 (score=2)
- PB: 17.11 => 高於參考值(5)，需留意高估風險 (score=2)
- Beta: 0.41 => 明顯低於參考值(0.8)，對投資人相對有利 (score=10)
- ROE: 22.93% => 高於參考值(20.0)，值得肯定 (score=10)
- DividendYield: 0.65% => 低於參考值(200) (score=2)
- PEG: 資料缺失
- OperatingMargin: 27.98% => 在 10.0 ~ 30.0 的合理範圍 (score=5)
- DebtToEquity: 6.86 => 明顯低於參考值(50)，對投資人相對有利 (score=10)
- CurrentRatio: 2.32 => 高於參考值(2)，值得肯定 (score=10)
- QuickRatio: 1.73 => 在 1 ~ 2 的合理範圍 (score=5)
- RevenueGrowth: 19.80% => 在 5.0 ~ 20.0 的合理範圍 (score=5)
- EarningsGrowth: 49.30% => 高於參考值(20.0)，值得肯定 (score=10)

【最終評級】平均分數 6.5 → 等級 B"
1101.TW,TCC GROUP HOLDINGS CO LTD,69,6.2727272727272725,B,"**[進階個股分析] 1101.TW / TCC GROUP HOLDINGS CO LTD**
- PE: 27.46 => 高於參考值(25)，需留意高估風險 (score=2)
- PB: 0.98 => 明顯低於參考值(1)，對投資人相對有利 (score=10)
- Beta: 0.56 => 明顯低於參考值(0.8)，對投資人相對有利 (score=10)
- ROE: 4.70% => 低於參考值(10.0) (score=2)
- DividendYield: 3.15% => 在 200 ~ 600 的合理範圍 (score=5)
- PEG: 資料缺失
- OperatingMargin: 15.27% => 在 10.0 ~ 30.0 的合理範圍 (score=5)
- DebtToEquity: 68.49 => 介於 50 ~ 100 的區間 (score=5)
- CurrentRatio: 1.99 => 在 1 ~ 2 的合理範圍 (score=5)
- QuickRatio: 1.64 => 在 1 ~ 2 的合理範圍 (score=5)
- RevenueGrowth: 52.10% => 高於參考值(20.0)，值得肯定 (score=10)
- EarningsGrowth: 151.90% => 高於參考值(20.0)，值得肯定 (score=10)

【最終評級】平均分數 6.3 → 等級 B"
2615.TW,WAN HAI LINES,61,6.1,B,"**[進階個股分析] 2615.TW / WAN HAI LINES**
- PE: 6.83 => 明顯低於參考值(10)，對投資人相對有利 (score=10)
- PB: 1.02 => 介於 1 ~ 5 的區間 (score=5)
- Beta: 1.66 => 高於參考值(1.2)，需留意高估風險 (score=2)
- ROE: 6.78% => 低於參考值(10.0) (score=2)
- DividendYield: 1.67% => 低於參考值(200) (score=2)
- PEG: 資料缺失
- OperatingMargin: 28.21% => 在 10.0 ~ 30.0 的合理範圍 (score=5)
- DebtToEquity: 35.88 => 明顯低於參考值(50)，對投資人相對有利 (score=10)
- CurrentRatio: 3.35 => 高於參考值(2)，值得肯定 (score=10)
- QuickRatio: 1.80 => 在 1 ~ 2 的合理範圍 (score=5)
- RevenueGrowth: 56.00% => 高於參考值(20.0)，值得肯定 (score=10)
- EarningsGrowth: 資料缺失

【最終評級】平均分數 6.1 → 等級 B"
2379.TW,REALTEK SEMICONDUCTOR CORP,67,6.090909090909091,B,"**[進階個股分析] 2379.TW / REALTEK SEMICONDUCTOR CORP**
- PE: 19.92 => 介於 10 ~ 25 的區間 (score=5)
- PB: 5.75 => 高於參考值(5)，需留意高估風險 (score=2)
- Beta: 0.97 => 介於 0.8 ~ 1.2 的區間 (score=5)
- ROE: 31.11% => 高於參考值(20.0)，值得肯定 (score=10)
- DividendYield: 2.88% => 在 200 ~ 600 的合理範圍 (score=5)
- PEG: 資料缺失
- OperatingMargin: 12.70% => 在 10.0 ~ 30.0 的合理範圍 (score=5)
- DebtToEquity: 20.61 => 明顯低於參考值(50)，對投資人相對有利 (score=10)
- CurrentRatio: 1.36 => 在 1 ~ 2 的合理範圍 (score=5)
- QuickRatio: 1.14 => 在 1 ~ 2 的合理範圍 (score=5)
- RevenueGrowth: 15.30% => 在 5.0 ~ 20.0 的合理範圍 (score=5)
- EarningsGrowth: 70.10% => 高於參考值(20.0)，值得肯定 (score=10)

【最終評級】平均分數 6.1 → 等級 B"
2382.TW,QUANTA COMPUTER,66,6.0,B,"**[進階個股分析] 2382.TW / QUANTA COMPUTER**
- PE: 19.13 => 介於 10 ~ 25 的區間 (score=5)
- PB: 5.53 => 高於參考值(5)，需留意高估風險 (score=2)
- Beta: 0.61 => 明顯低於參考值(0.8)，對投資人相對有利 (score=10)
- ROE: 27.95% => 高於參考值(20.0)，值得肯定 (score=10)
- DividendYield: 2.86% => 在 200 ~ 600 的合理範圍 (score=5)
- PEG: 資料缺失
- OperatingMargin: 4.91% => 低於參考值(10.0) (score=2)
- DebtToEquity: 74.62 => 介於 50 ~ 100 的區間 (score=5)
- CurrentRatio: 1.23 => 在 1 ~ 2 的合理範圍 (score=5)
- QuickRatio: 0.81 => 低於參考值(1) (score=2)
- RevenueGrowth: 26.50% => 高於參考值(20.0)，值得肯定 (score=10)
- EarningsGrowth: 49.40% => 高於參考值(20.0)，值得肯定 (score=10)

【最終評級】平均分數 6.0 → 等級 B"
2303.TW,UNITED MICRO ELECTRONICS,72,6.0,B,"**[進階個股分析] 2303.TW / UNITED MICRO ELECTRONICS**
- PE: 10.40 => 介於 10 ~ 25 的區間 (score=5)
- PB: 1.45 => 介於 1 ~ 5 的區間 (score=5)
- Beta: 1.17 => 介於 0.8 ~ 1.2 的區間 (score=5)
- ROE: 14.07% => 在 10.0 ~ 20.0 的合理範圍 (score=5)
- DividendYield: 7.28% => 高於參考值(600)，值得肯定 (score=10)
- PEG: 1.32 => 介於 1 ~ 2 的區間 (score=5)
- OperatingMargin: 23.28% => 在 10.0 ~ 30.0 的合理範圍 (score=5)
- DebtToEquity: 25.92 => 明顯低於參考值(50)，對投資人相對有利 (score=10)
- CurrentRatio: 2.19 => 高於參考值(2)，值得肯定 (score=10)
- QuickRatio: 1.71 => 在 1 ~ 2 的合理範圍 (score=5)
- RevenueGrowth: 6.00% => 在 5.0 ~ 20.0 的合理範圍 (score=5)
- EarningsGrowth: -9.40% => 低於參考值(5.0) (score=2)

【最終評級】平均分數 6.0 → 等級 B"
2327.TW,YAGEO CORP,72,6.0,B,"**[進階個股分析] 2327.TW / YAGEO CORP**
- PE: 13.19 => 介於 10 ~ 25 的區間 (score=5)
- PB: 1.74 => 介於 1 ~ 5 的區間 (score=5)
- Beta: 1.49 => 高於參考值(1.2)，需留意高估風險 (score=2)
- ROE: 14.02% => 在 10.0 ~ 20.0 的合理範圍 (score=5)
- DividendYield: 3.21% => 在 200 ~ 600 的合理範圍 (score=5)
- PEG: 1.41 => 介於 1 ~ 2 的區間 (score=5)
- OperatingMargin: 20.91% => 在 10.0 ~ 30.0 的合理範圍 (score=5)
- DebtToEquity: 14.66 => 明顯低於參考值(50)，對投資人相對有利 (score=10)
- CurrentRatio: 9.29 => 高於參考值(2)，值得肯定 (score=10)
- QuickRatio: 7.56 => 高於參考值(2)，值得肯定 (score=10)
- RevenueGrowth: 15.90% => 在 5.0 ~ 20.0 的合理範圍 (score=5)
- EarningsGrowth: 16.50% => 在 5.0 ~ 20.0 的合理範圍 (score=5)

【最終評級】平均分數 6.0 → 等級 B"
2880.TW,HUA NAN FINANCIAL HOLDINGS CO,47,5.875,B,"**[進階個股分析] 2880.TW / HUA NAN FINANCIAL HOLDINGS CO**
- PE: 16.72 => 介於 10 ~ 25 的區間 (score=5)
- PB: 1.81 => 介於 1 ~ 5 的區間 (score=5)
- Beta: 0.45 => 明顯低於參考值(0.8)，對投資人相對有利 (score=10)
- ROE: 11.19% => 在 10.0 ~ 20.0 的合理範圍 (score=5)
- DividendYield: 4.59% => 在 200 ~ 600 的合理範圍 (score=5)
- PEG: 資料缺失
- OperatingMargin: 46.64% => 高於參考值(30.0)，值得肯定 (score=10)
- DebtToEquity: 資料缺失
- CurrentRatio: 資料缺失
- QuickRatio: 資料缺失
- RevenueGrowth: 8.90% => 在 5.0 ~ 20.0 的合理範圍 (score=5)
- EarningsGrowth: 1.50% => 低於參考值(5.0) (score=2)

【最終評級】平均分數 5.9 → 等級 B"
2890.TW,SINOPAC FINANCIAL HLDGS CO LTD,47,5.875,B,"**[進階個股分析] 2890.TW / SINOPAC FINANCIAL HLDGS CO LTD**
- PE: 12.80 => 介於 10 ~ 25 的區間 (score=5)
- PB: 1.53 => 介於 1 ~ 5 的區間 (score=5)
- Beta: 0.45 => 明顯低於參考值(0.8)，對投資人相對有利 (score=10)
- ROE: 11.91% => 在 10.0 ~ 20.0 的合理範圍 (score=5)
- DividendYield: 3.30% => 在 200 ~ 600 的合理範圍 (score=5)
- PEG: 資料缺失
- OperatingMargin: 46.05% => 高於參考值(30.0)，值得肯定 (score=10)
- DebtToEquity: 資料缺失
- CurrentRatio: 資料缺失
- QuickRatio: 資料缺失
- RevenueGrowth: 15.00% => 在 5.0 ~ 20.0 的合理範圍 (score=5)
- EarningsGrowth: -1.40% => 低於參考值(5.0) (score=2)

【最終評級】平均分數 5.9 → 等級 B"
2357.TW,ASUSTEK COMPUTER INC,64,5.818181818181818,B,"**[進階個股分析] 2357.TW / ASUSTEK COMPUTER INC**
- PE: 13.52 => 介於 10 ~ 25 的區間 (score=5)
- PB: 1.70 => 介於 1 ~ 5 的區間 (score=5)
- Beta: 0.51 => 明顯低於參考值(0.8)，對投資人相對有利 (score=10)
- ROE: 13.33% => 在 10.0 ~ 20.0 的合理範圍 (score=5)
- DividendYield: 2.83% => 在 200 ~ 600 的合理範圍 (score=5)
- PEG: 資料缺失
- OperatingMargin: 7.01% => 低於參考值(10.0) (score=2)
- DebtToEquity: 9.38 => 明顯低於參考值(50)，對投資人相對有利 (score=10)
- CurrentRatio: 1.59 => 在 1 ~ 2 的合理範圍 (score=5)
- QuickRatio: 0.89 => 低於參考值(1) (score=2)
- RevenueGrowth: 23.30% => 高於參考值(20.0)，值得肯定 (score=10)
- EarningsGrowth: 12.70% => 在 5.0 ~ 20.0 的合理範圍 (score=5)

【最終評級】平均分數 5.8 → 等級 B"
2301.TW,LITE-ON TECHNOLOGY CORP,64,5.818181818181818,B,"**[進階個股分析] 2301.TW / LITE-ON TECHNOLOGY CORP**
- PE: 20.26 => 介於 10 ~ 25 的區間 (score=5)
- PB: 2.89 => 介於 1 ~ 5 的區間 (score=5)
- Beta: 0.56 => 明顯低於參考值(0.8)，對投資人相對有利 (score=10)
- ROE: 14.47% => 在 10.0 ~ 20.0 的合理範圍 (score=5)
- DividendYield: 6.08% => 高於參考值(600)，值得肯定 (score=10)
- PEG: 資料缺失
- OperatingMargin: 10.67% => 在 10.0 ~ 30.0 的合理範圍 (score=5)
- DebtToEquity: 42.07 => 明顯低於參考值(50)，對投資人相對有利 (score=10)
- CurrentRatio: 1.55 => 在 1 ~ 2 的合理範圍 (score=5)
- QuickRatio: 1.27 => 在 1 ~ 2 的合理範圍 (score=5)
- RevenueGrowth: -8.00% => 低於參考值(5.0) (score=2)
- EarningsGrowth: -25.60% => 低於參考值(5.0) (score=2)

【最終評級】平均分數 5.8 → 等級 B"
6505.TW,FORMOSA PETROCHEMICAL CORPORATI,58,5.8,B,"**[進階個股分析] 6505.TW / FORMOSA PETROCHEMICAL CORPORATI**
- PE: 58.05 => 高於參考值(25)，需留意高估風險 (score=2)
- PB: 1.14 => 介於 1 ~ 5 的區間 (score=5)
- Beta: 0.36 => 明顯低於參考值(0.8)，對投資人相對有利 (score=10)
- ROE: 1.82% => 低於參考值(10.0) (score=2)
- DividendYield: 5.30% => 在 200 ~ 600 的合理範圍 (score=5)
- PEG: 資料缺失
- OperatingMargin: -2.75% => 低於參考值(10.0) (score=2)
- DebtToEquity: 11.90 => 明顯低於參考值(50)，對投資人相對有利 (score=10)
- CurrentRatio: 4.73 => 高於參考值(2)，值得肯定 (score=10)
- QuickRatio: 2.29 => 高於參考值(2)，值得肯定 (score=10)
- RevenueGrowth: -10.10% => 低於參考值(5.0) (score=2)
- EarningsGrowth: 資料缺失

【最終評級】平均分數 5.8 → 等級 B"
2454.TW,MEDIATEK INC,69,5.75,B,"**[進階個股分析] 2454.TW / MEDIATEK INC**
- PE: 21.27 => 介於 10 ~ 25 的區間 (score=5)
- PB: 5.53 => 高於參考值(5)，需留意高估風險 (score=2)
- Beta: 1.21 => 高於參考值(1.2)，需留意高估風險 (score=2)
- ROE: 26.61% => 高於參考值(20.0)，值得肯定 (score=10)
- DividendYield: 4.15% => 在 200 ~ 600 的合理範圍 (score=5)
- PEG: 1.37 => 介於 1 ~ 2 的區間 (score=5)
- OperatingMargin: 18.10% => 在 10.0 ~ 30.0 的合理範圍 (score=5)
- DebtToEquity: 4.52 => 明顯低於參考值(50)，對投資人相對有利 (score=10)
- CurrentRatio: 1.43 => 在 1 ~ 2 的合理範圍 (score=5)
- QuickRatio: 1.07 => 在 1 ~ 2 的合理範圍 (score=5)
- RevenueGrowth: 19.70% => 在 5.0 ~ 20.0 的合理範圍 (score=5)
- EarningsGrowth: 37.20% => 高於參考值(20.0)，值得肯定 (score=10)

【最終評級】平均分數 5.8 → 等級 B"
2345.TW,ACCTON TECHNOLOGY CORP,63,5.7272727272727275,B,"**[進階個股分析] 2345.TW / ACCTON TECHNOLOGY CORP**
- PE: 42.49 => 高於參考值(25)，需留意高估風險 (score=2)
- PB: 14.12 => 高於參考值(5)，需留意高估風險 (score=2)
- Beta: 0.40 => 明顯低於參考值(0.8)，對投資人相對有利 (score=10)
- ROE: 37.22% => 高於參考值(20.0)，值得肯定 (score=10)
- DividendYield: 1.36% => 低於參考值(200) (score=2)
- PEG: 資料缺失
- OperatingMargin: 12.28% => 在 10.0 ~ 30.0 的合理範圍 (score=5)
- DebtToEquity: 9.23 => 明顯低於參考值(50)，對投資人相對有利 (score=10)
- CurrentRatio: 1.53 => 在 1 ~ 2 的合理範圍 (score=5)
- QuickRatio: 0.95 => 低於參考值(1) (score=2)
- RevenueGrowth: 25.70% => 高於參考值(20.0)，值得肯定 (score=10)
- EarningsGrowth: 11.10% => 在 5.0 ~ 20.0 的合理範圍 (score=5)

【最終評級】平均分數 5.7 → 等級 B"
3017.TW,ASIA VITAL COMPONENTS CO LTD,63,5.7272727272727275,B,"**[進階個股分析] 3017.TW / ASIA VITAL COMPONENTS CO LTD**
- PE: 29.78 => 高於參考值(25)，需留意高估風險 (score=2)
- PB: 9.83 => 高於參考值(5)，需留意高估風險 (score=2)
- Beta: 0.67 => 明顯低於參考值(0.8)，對投資人相對有利 (score=10)
- ROE: 30.23% => 高於參考值(20.0)，值得肯定 (score=10)
- DividendYield: 1.02% => 低於參考值(200) (score=2)
- PEG: 資料缺失
- OperatingMargin: 14.72% => 在 10.0 ~ 30.0 的合理範圍 (score=5)
- DebtToEquity: 47.25 => 明顯低於參考值(50)，對投資人相對有利 (score=10)
- CurrentRatio: 1.45 => 在 1 ~ 2 的合理範圍 (score=5)
- QuickRatio: 0.85 => 低於參考值(1) (score=2)
- RevenueGrowth: 10.80% => 在 5.0 ~ 20.0 的合理範圍 (score=5)
- EarningsGrowth: 62.10% => 高於參考值(20.0)，值得肯定 (score=10)

【最終評級】平均分數 5.7 → 等級 B"
5880.TW,TAIWAN COOPERATIVE FINANCIAL HL,44,5.5,B,"**[進階個股分析] 5880.TW / TAIWAN COOPERATIVE FINANCIAL HL**
- PE: 19.92 => 介於 10 ~ 25 的區間 (score=5)
- PB: 1.54 => 介於 1 ~ 5 的區間 (score=5)
- Beta: 0.39 => 明顯低於參考值(0.8)，對投資人相對有利 (score=10)
- ROE: 7.64% => 低於參考值(10.0) (score=2)
- DividendYield: 2.59% => 在 200 ~ 600 的合理範圍 (score=5)
- PEG: 資料缺失
- OperatingMargin: 46.31% => 高於參考值(30.0)，值得肯定 (score=10)
- DebtToEquity: 資料缺失
- CurrentRatio: 資料缺失
- QuickRatio: 資料缺失
- RevenueGrowth: 9.50% => 在 5.0 ~ 20.0 的合理範圍 (score=5)
- EarningsGrowth: 4.70% => 低於參考值(5.0) (score=2)

【最終評級】平均分數 5.5 → 等級 B"
2882.TW,CATHAY FINANCIAL HLDG CO,59,5.363636363636363,B,"**[進階個股分析] 2882.TW / CATHAY FINANCIAL HLDG CO**
- PE: 10.69 => 介於 10 ~ 25 的區間 (score=5)
- PB: 1.24 => 介於 1 ~ 5 的區間 (score=5)
- Beta: 0.62 => 明顯低於參考值(0.8)，對投資人相對有利 (score=10)
- ROE: 11.01% => 在 10.0 ~ 20.0 的合理範圍 (score=5)
- DividendYield: 3.01% => 在 200 ~ 600 的合理範圍 (score=5)
- PEG: 資料缺失
- OperatingMargin: 5.95% => 低於參考值(10.0) (score=2)
- DebtToEquity: 77.16 => 介於 50 ~ 100 的區間 (score=5)
- CurrentRatio: 1.06 => 在 1 ~ 2 的合理範圍 (score=5)
- QuickRatio: 1.00 => 低於參考值(1) (score=2)
- RevenueGrowth: 15.40% => 在 5.0 ~ 20.0 的合理範圍 (score=5)
- EarningsGrowth: 32.00% => 高於參考值(20.0)，值得肯定 (score=10)

【最終評級】平均分數 5.4 → 等級 B"
3231.TW,WISTRON CORPORATION,59,5.363636363636363,B,"**[進階個股分析] 3231.TW / WISTRON CORPORATION**
- PE: 21.07 => 介於 10 ~ 25 的區間 (score=5)
- PB: 3.09 => 介於 1 ~ 5 的區間 (score=5)
- Beta: 0.77 => 明顯低於參考值(0.8)，對投資人相對有利 (score=10)
- ROE: 19.42% => 在 10.0 ~ 20.0 的合理範圍 (score=5)
- DividendYield: 2.19% => 在 200 ~ 600 的合理範圍 (score=5)
- PEG: 資料缺失
- OperatingMargin: 3.60% => 低於參考值(10.0) (score=2)
- DebtToEquity: 86.75 => 介於 50 ~ 100 的區間 (score=5)
- CurrentRatio: 1.25 => 在 1 ~ 2 的合理範圍 (score=5)
- QuickRatio: 0.70 => 低於參考值(1) (score=2)
- RevenueGrowth: 15.80% => 在 5.0 ~ 20.0 的合理範圍 (score=5)
- EarningsGrowth: 35.40% => 高於參考值(20.0)，值得肯定 (score=10)

【最終評級】平均分數 5.4 → 等級 B"
1301.TW,FORMOSA PLASTIC,48,5.333333333333333,B,"**[進階個股分析] 1301.TW / FORMOSA PLASTIC**
- PE: 資料缺失
- PB: 0.75 => 明顯低於參考值(1)，對投資人相對有利 (score=10)
- Beta: 0.51 => 明顯低於參考值(0.8)，對投資人相對有利 (score=10)
- ROE: -1.33% => 低於參考值(10.0) (score=2)
- DividendYield: 2.69% => 在 200 ~ 600 的合理範圍 (score=5)
- PEG: 資料缺失
- OperatingMargin: -2.98% => 低於參考值(10.0) (score=2)
- DebtToEquity: 49.36 => 明顯低於參考值(50)，對投資人相對有利 (score=10)
- CurrentRatio: 1.19 => 在 1 ~ 2 的合理範圍 (score=5)
- QuickRatio: 0.78 => 低於參考值(1) (score=2)
- RevenueGrowth: -0.50% => 低於參考值(5.0) (score=2)
- EarningsGrowth: 資料缺失

【最終評級】平均分數 5.3 → 等級 B"
2891.TW,CTBC FINANCIAL HOLDINGS COMPANY,58,5.2727272727272725,B,"**[進階個股分析] 2891.TW / CTBC FINANCIAL HOLDINGS COMPANY**
- PE: 11.62 => 介於 10 ~ 25 的區間 (score=5)
- PB: 1.74 => 介於 1 ~ 5 的區間 (score=5)
- Beta: 0.66 => 明顯低於參考值(0.8)，對投資人相對有利 (score=10)
- ROE: 14.51% => 在 10.0 ~ 20.0 的合理範圍 (score=5)
- DividendYield: 4.77% => 在 200 ~ 600 的合理範圍 (score=5)
- PEG: 資料缺失
- OperatingMargin: 32.65% => 高於參考值(30.0)，值得肯定 (score=10)
- DebtToEquity: 108.46 => 高於參考值(100)，需留意高估風險 (score=2)
- CurrentRatio: 0.31 => 低於參考值(1) (score=2)
- QuickRatio: 0.22 => 低於參考值(1) (score=2)
- RevenueGrowth: 22.40% => 高於參考值(20.0)，值得肯定 (score=10)
- EarningsGrowth: 2.70% => 低於參考值(5.0) (score=2)

【最終評級】平均分數 5.3 → 等級 B"
2308.TW,DELTA ELECTRONIC,63,5.25,B,"**[進階個股分析] 2308.TW / DELTA ELECTRONIC**
- PE: 30.11 => 高於參考值(25)，需留意高估風險 (score=2)
- PB: 5.07 => 高於參考值(5)，需留意高估風險 (score=2)
- Beta: 1.07 => 介於 0.8 ~ 1.2 的區間 (score=5)
- ROE: 17.09% => 在 10.0 ~ 20.0 的合理範圍 (score=5)
- DividendYield: 1.52% => 低於參考值(200) (score=2)
- PEG: 1.74 => 介於 1 ~ 2 的區間 (score=5)
- OperatingMargin: 14.64% => 在 10.0 ~ 30.0 的合理範圍 (score=5)
- DebtToEquity: 30.78 => 明顯低於參考值(50)，對投資人相對有利 (score=10)
- CurrentRatio: 2.27 => 高於參考值(2)，值得肯定 (score=10)
- QuickRatio: 1.63 => 在 1 ~ 2 的合理範圍 (score=5)
- RevenueGrowth: 4.10% => 低於參考值(5.0) (score=2)
- EarningsGrowth: 31.80% => 高於參考值(20.0)，值得肯定 (score=10)

【最終評級】平均分數 5.2 → 等級 B"
2317.TW,HON HAI PRECISION INDUSTRY,57,5.181818181818182,B,"**[進階個股分析] 2317.TW / HON HAI PRECISION INDUSTRY**
- PE: 15.74 => 介於 10 ~ 25 的區間 (score=5)
- PB: 1.65 => 介於 1 ~ 5 的區間 (score=5)
- Beta: 0.53 => 明顯低於參考值(0.8)，對投資人相對有利 (score=10)
- ROE: 10.26% => 在 10.0 ~ 20.0 的合理範圍 (score=5)
- DividendYield: 2.55% => 在 200 ~ 600 的合理範圍 (score=5)
- PEG: 資料缺失
- OperatingMargin: 2.88% => 低於參考值(10.0) (score=2)
- DebtToEquity: 51.02 => 介於 50 ~ 100 的區間 (score=5)
- CurrentRatio: 1.61 => 在 1 ~ 2 的合理範圍 (score=5)
- QuickRatio: 1.16 => 在 1 ~ 2 的合理範圍 (score=5)
- RevenueGrowth: 18.90% => 在 5.0 ~ 20.0 的合理範圍 (score=5)
- EarningsGrowth: 6.20% => 在 5.0 ~ 20.0 的合理範圍 (score=5)

【最終評級】平均分數 5.2 → 等級 B"
2892.TW,FIRST FINANCIAL HOLDING CO LTD,41,5.125,B,"**[進階個股分析] 2892.TW / FIRST FINANCIAL HOLDING CO LTD**
- PE: 16.05 => 介於 10 ~ 25 的區間 (score=5)
- PB: 1.56 => 介於 1 ~ 5 的區間 (score=5)
- Beta: 0.41 => 明顯低於參考值(0.8)，對投資人相對有利 (score=10)
- ROE: 9.40% => 低於參考值(10.0) (score=2)
- DividendYield: 3.09% => 在 200 ~ 600 的合理範圍 (score=5)
- PEG: 資料缺失
- OperatingMargin: 49.84% => 高於參考值(30.0)，值得肯定 (score=10)
- DebtToEquity: 資料缺失
- CurrentRatio: 資料缺失
- QuickRatio: 資料缺失
- RevenueGrowth: 4.50% => 低於參考值(5.0) (score=2)
- EarningsGrowth: 2.80% => 低於參考值(5.0) (score=2)

【最終評級】平均分數 5.1 → 等級 B"
2395.TW,ADVANTECH CO LTD,60,5.0,B,"**[進階個股分析] 2395.TW / ADVANTECH CO LTD**
- PE: 36.70 => 高於參考值(25)，需留意高估風險 (score=2)
- PB: 6.50 => 高於參考值(5)，需留意高估風險 (score=2)
- Beta: 0.75 => 明顯低於參考值(0.8)，對投資人相對有利 (score=10)
- ROE: 18.08% => 在 10.0 ~ 20.0 的合理範圍 (score=5)
- DividendYield: 2.59% => 在 200 ~ 600 的合理範圍 (score=5)
- PEG: 5.37 => 高於參考值(2)，需留意高估風險 (score=2)
- OperatingMargin: 16.40% => 在 10.0 ~ 30.0 的合理範圍 (score=5)
- DebtToEquity: 3.64 => 明顯低於參考值(50)，對投資人相對有利 (score=10)
- CurrentRatio: 2.76 => 高於參考值(2)，值得肯定 (score=10)
- QuickRatio: 1.97 => 在 1 ~ 2 的合理範圍 (score=5)
- RevenueGrowth: -0.40% => 低於參考值(5.0) (score=2)
- EarningsGrowth: -12.60% => 低於參考值(5.0) (score=2)

【最終評級】平均分數 5.0 → 等級 B"
00937B.TWO,CAPITAL INV TRUST CORP ICE ESG ,10,5.0,B,"**[進階ETF分析] 00937B.TWO / CAPITAL INV TRUST CORP ICE ESG **
- ETF_PE: 資料缺失
- ETF_Yield: 5.83% => 在 2~6 的區間 (score=5)
- totalAssets: 251,198,652,416 => 在 100000000000.0~500000000000.0 的區間 (score=5)
- ETF_Beta3Y: 資料缺失
- threeYearAverageReturn: 資料缺失
- fiveYearAverageReturn: 資料缺失

【最終評級】平均分數 5.0 → 等級 B

【綜合建議】ETF 可作為分散投資的核心或衛星標的，建議定期定額並留意成分股調整。"
00940.TW,YUANTA SECURITIES INV TRUST CO ,10,5.0,B,"**[進階ETF分析] 00940.TW / YUANTA SECURITIES INV TRUST CO **
- ETF_PE: 11.85 => 介於 10~25 的區間 (score=5)
- ETF_Yield: 資料缺失
- totalAssets: 155,052,556,288 => 在 100000000000.0~500000000000.0 的區間 (score=5)
- ETF_Beta3Y: 資料缺失
- threeYearAverageReturn: 資料缺失
- fiveYearAverageReturn: 資料缺失

【最終評級】平均分數 5.0 → 等級 B

【綜合建議】ETF 可作為分散投資的核心或衛星標的，建議定期定額並留意成分股調整。"
2412.TW,CHUNGHWA TELECOM,53,4.818181818181818,C,"**[進階個股分析] 2412.TW / CHUNGHWA TELECOM**
- PE: 26.28 => 高於參考值(25)，需留意高估風險 (score=2)
- PB: 2.56 => 介於 1 ~ 5 的區間 (score=5)
- Beta: 0.07 => 明顯低於參考值(0.8)，對投資人相對有利 (score=10)
- ROE: 9.73% => 低於參考值(10.0) (score=2)
- DividendYield: 3.84% => 在 200 ~ 600 的合理範圍 (score=5)
- PEG: 資料缺失
- OperatingMargin: 20.47% => 在 10.0 ~ 30.0 的合理範圍 (score=5)
- DebtToEquity: 11.25 => 明顯低於參考值(50)，對投資人相對有利 (score=10)
- CurrentRatio: 1.47 => 在 1 ~ 2 的合理範圍 (score=5)
- QuickRatio: 1.12 => 在 1 ~ 2 的合理範圍 (score=5)
- RevenueGrowth: 3.60% => 低於參考值(5.0) (score=2)
- EarningsGrowth: -1.00% => 低於參考值(5.0) (score=2)

【最終評級】平均分數 4.8 → 等級 C"
1303.TW,NAN YA PLASTIC,52,4.7272727272727275,C,"**[進階個股分析] 1303.TW / NAN YA PLASTIC**
- PE: 80.87 => 高於參考值(25)，需留意高估風險 (score=2)
- PB: 0.73 => 明顯低於參考值(1)，對投資人相對有利 (score=10)
- Beta: 0.65 => 明顯低於參考值(0.8)，對投資人相對有利 (score=10)
- ROE: 0.88% => 低於參考值(10.0) (score=2)
- DividendYield: 2.12% => 在 200 ~ 600 的合理範圍 (score=5)
- PEG: 資料缺失
- OperatingMargin: 1.50% => 低於參考值(10.0) (score=2)
- DebtToEquity: 49.93 => 明顯低於參考值(50)，對投資人相對有利 (score=10)
- CurrentRatio: 1.39 => 在 1 ~ 2 的合理範圍 (score=5)
- QuickRatio: 0.95 => 低於參考值(1) (score=2)
- RevenueGrowth: -1.20% => 低於參考值(5.0) (score=2)
- EarningsGrowth: -98.50% => 低於參考值(5.0) (score=2)

【最終評級】平均分數 4.7 → 等級 C"
3045.TW,TAIWAN MOBILE CO,51,4.636363636363637,C,"**[進階個股分析] 3045.TW / TAIWAN MOBILE CO**
- PE: 23.71 => 介於 10 ~ 25 的區間 (score=5)
- PB: 3.94 => 介於 1 ~ 5 的區間 (score=5)
- Beta: 0.12 => 明顯低於參考值(0.8)，對投資人相對有利 (score=10)
- ROE: 19.48% => 在 10.0 ~ 20.0 的合理範圍 (score=5)
- DividendYield: 3.79% => 在 200 ~ 600 的合理範圍 (score=5)
- PEG: 資料缺失
- OperatingMargin: 10.37% => 在 10.0 ~ 30.0 的合理範圍 (score=5)
- DebtToEquity: 114.48 => 高於參考值(100)，需留意高估風險 (score=2)
- CurrentRatio: 0.46 => 低於參考值(1) (score=2)
- QuickRatio: 0.38 => 低於參考值(1) (score=2)
- RevenueGrowth: 9.60% => 在 5.0 ~ 20.0 的合理範圍 (score=5)
- EarningsGrowth: 6.50% => 在 5.0 ~ 20.0 的合理範圍 (score=5)

【最終評級】平均分數 4.6 → 等級 C"
4904.TW,FAR EASTONE TELECOMMUNICATIONS,51,4.636363636363637,C,"**[進階個股分析] 4904.TW / FAR EASTONE TELECOMMUNICATIONS**
- PE: 25.82 => 高於參考值(25)，需留意高估風險 (score=2)
- PB: 3.62 => 介於 1 ~ 5 的區間 (score=5)
- Beta: 0.02 => 明顯低於參考值(0.8)，對投資人相對有利 (score=10)
- ROE: 16.16% => 在 10.0 ~ 20.0 的合理範圍 (score=5)
- DividendYield: 3.65% => 在 200 ~ 600 的合理範圍 (score=5)
- PEG: 資料缺失
- OperatingMargin: 16.00% => 在 10.0 ~ 30.0 的合理範圍 (score=5)
- DebtToEquity: 73.32 => 介於 50 ~ 100 的區間 (score=5)
- CurrentRatio: 0.73 => 低於參考值(1) (score=2)
- QuickRatio: 0.58 => 低於參考值(1) (score=2)
- RevenueGrowth: 6.50% => 在 5.0 ~ 20.0 的合理範圍 (score=5)
- EarningsGrowth: 11.70% => 在 5.0 ~ 20.0 的合理範圍 (score=5)

【最終評級】平均分數 4.6 → 等級 C"
00725B.TWO,CATHAY SECS INV TRUST CO LTD BB,23,4.6,C,"**[進階ETF分析] 00725B.TWO / CATHAY SECS INV TRUST CO LTD BB**
- ETF_PE: 資料缺失
- ETF_Yield: 6.87% => 高於參考值(6)，表現不錯 (score=10)
- totalAssets: 126,726,905,856 => 在 100000000000.0~500000000000.0 的區間 (score=5)
- ETF_Beta3Y: 1.70 => 波動高於市場平均(1.2)，風險也較高 (score=4)
- threeYearAverageReturn: 1.11% => 低於參考值(0.03) (score=2)
- fiveYearAverageReturn: 0.40% => 低於參考值(0.03) (score=2)

【最終評級】平均分數 4.6 → 等級 C

【綜合建議】ETF 可作為分散投資的核心或衛星標的，建議定期定額並留意成分股調整。"
1216.TW,UNI-PRESIDENT ENTERPRISES CORP,48,4.363636363636363,C,"**[進階個股分析] 1216.TW / UNI-PRESIDENT ENTERPRISES CORP**
- PE: 23.29 => 介於 10 ~ 25 的區間 (score=5)
- PB: 3.41 => 介於 1 ~ 5 的區間 (score=5)
- Beta: 0.30 => 明顯低於參考值(0.8)，對投資人相對有利 (score=10)
- ROE: 15.34% => 在 10.0 ~ 20.0 的合理範圍 (score=5)
- DividendYield: 3.82% => 在 200 ~ 600 的合理範圍 (score=5)
- PEG: 資料缺失
- OperatingMargin: 6.13% => 低於參考值(10.0) (score=2)
- DebtToEquity: 140.90 => 高於參考值(100)，需留意高估風險 (score=2)
- CurrentRatio: 0.94 => 低於參考值(1) (score=2)
- QuickRatio: 0.69 => 低於參考值(1) (score=2)
- RevenueGrowth: 8.40% => 在 5.0 ~ 20.0 的合理範圍 (score=5)
- EarningsGrowth: 9.40% => 在 5.0 ~ 20.0 的合理範圍 (score=5)

【最終評級】平均分數 4.4 → 等級 C"
2885.TW,YUANTA FINANCIAL HOLDING CO. LT,48,4.363636363636363,C,"**[進階個股分析] 2885.TW / YUANTA FINANCIAL HOLDING CO. LT**
- PE: 14.76 => 介於 10 ~ 25 的區間 (score=5)
- PB: 1.54 => 介於 1 ~ 5 的區間 (score=5)
- Beta: 0.72 => 明顯低於參考值(0.8)，對投資人相對有利 (score=10)
- ROE: 10.43% => 在 10.0 ~ 20.0 的合理範圍 (score=5)
- DividendYield: 3.22% => 在 200 ~ 600 的合理範圍 (score=5)
- PEG: 資料缺失
- OperatingMargin: 18.79% => 在 10.0 ~ 30.0 的合理範圍 (score=5)
- DebtToEquity: 187.58 => 高於參考值(100)，需留意高估風險 (score=2)
- CurrentRatio: 0.91 => 低於參考值(1) (score=2)
- QuickRatio: 0.47 => 低於參考值(1) (score=2)
- RevenueGrowth: 14.90% => 在 5.0 ~ 20.0 的合理範圍 (score=5)
- EarningsGrowth: -8.40% => 低於參考值(5.0) (score=2)

【最終評級】平均分數 4.4 → 等級 C"
2207.TW,HOTAI MOTOR CO,48,4.363636363636363,C,"**[進階個股分析] 2207.TW / HOTAI MOTOR CO**
- PE: 16.34 => 介於 10 ~ 25 的區間 (score=5)
- PB: 4.62 => 介於 1 ~ 5 的區間 (score=5)
- Beta: 0.90 => 介於 0.8 ~ 1.2 的區間 (score=5)
- ROE: 23.52% => 高於參考值(20.0)，值得肯定 (score=10)
- DividendYield: 3.34% => 在 200 ~ 600 的合理範圍 (score=5)
- PEG: 資料缺失
- OperatingMargin: 14.04% => 在 10.0 ~ 30.0 的合理範圍 (score=5)
- DebtToEquity: 300.09 => 高於參考值(100)，需留意高估風險 (score=2)
- CurrentRatio: 1.03 => 在 1 ~ 2 的合理範圍 (score=5)
- QuickRatio: 0.94 => 低於參考值(1) (score=2)
- RevenueGrowth: -4.60% => 低於參考值(5.0) (score=2)
- EarningsGrowth: -32.50% => 低於參考值(5.0) (score=2)

【最終評級】平均分數 4.4 → 等級 C"
4938.TW,PEGATRON CORPORATION,43,4.3,C,"**[進階個股分析] 4938.TW / PEGATRON CORPORATION**
- PE: 14.07 => 介於 10 ~ 25 的區間 (score=5)
- PB: 1.28 => 介於 1 ~ 5 的區間 (score=5)
- Beta: 資料缺失
- ROE: 9.12% => 低於參考值(10.0) (score=2)
- DividendYield: 4.27% => 在 200 ~ 600 的合理範圍 (score=5)
- PEG: 資料缺失
- OperatingMargin: 1.24% => 低於參考值(10.0) (score=2)
- DebtToEquity: 24.29 => 明顯低於參考值(50)，對投資人相對有利 (score=10)
- CurrentRatio: 1.36 => 在 1 ~ 2 的合理範圍 (score=5)
- QuickRatio: 1.08 => 在 1 ~ 2 的合理範圍 (score=5)
- RevenueGrowth: -6.80% => 低於參考值(5.0) (score=2)
- EarningsGrowth: -6.30% => 低於參考值(5.0) (score=2)

【最終評級】平均分數 4.3 → 等級 C"
2912.TW,PRESIDENT CHAIN STORE CORP,47,4.2727272727272725,C,"**[進階個股分析] 2912.TW / PRESIDENT CHAIN STORE CORP**
- PE: 23.55 => 介於 10 ~ 25 的區間 (score=5)
- PB: 6.94 => 高於參考值(5)，需留意高估風險 (score=2)
- Beta: 0.11 => 明顯低於參考值(0.8)，對投資人相對有利 (score=10)
- ROE: 29.04% => 高於參考值(20.0)，值得肯定 (score=10)
- DividendYield: 3.46% => 在 200 ~ 600 的合理範圍 (score=5)
- PEG: 資料缺失
- OperatingMargin: 4.21% => 低於參考值(10.0) (score=2)
- DebtToEquity: 259.04 => 高於參考值(100)，需留意高估風險 (score=2)
- CurrentRatio: 0.84 => 低於參考值(1) (score=2)
- QuickRatio: 0.61 => 低於參考值(1) (score=2)
- RevenueGrowth: 6.50% => 在 5.0 ~ 20.0 的合理範圍 (score=5)
- EarningsGrowth: -1.70% => 低於參考值(5.0) (score=2)

【最終評級】平均分數 4.3 → 等級 C"
2002.TW,CHINA STEEL CORP,42,4.2,C,"**[進階個股分析] 2002.TW / CHINA STEEL CORP**
- PE: 75.19 => 高於參考值(25)，需留意高估風險 (score=2)
- PB: 0.98 => 明顯低於參考值(1)，對投資人相對有利 (score=10)
- Beta: 0.75 => 明顯低於參考值(0.8)，對投資人相對有利 (score=10)
- ROE: 1.64% => 低於參考值(10.0) (score=2)
- DividendYield: 1.79% => 低於參考值(200) (score=2)
- PEG: 資料缺失
- OperatingMargin: -1.43% => 低於參考值(10.0) (score=2)
- DebtToEquity: 79.80 => 介於 50 ~ 100 的區間 (score=5)
- CurrentRatio: 1.17 => 在 1 ~ 2 的合理範圍 (score=5)
- QuickRatio: 0.39 => 低於參考值(1) (score=2)
- RevenueGrowth: -3.00% => 低於參考值(5.0) (score=2)
- EarningsGrowth: 資料缺失

【最終評級】平均分數 4.2 → 等級 C"
3711.TW,ASE TECHNOLOGY HOLDING CO LTD,46,4.181818181818182,C,"**[進階個股分析] 3711.TW / ASE TECHNOLOGY HOLDING CO LTD**
- PE: 21.05 => 介於 10 ~ 25 的區間 (score=5)
- PB: 2.41 => 介於 1 ~ 5 的區間 (score=5)
- Beta: 1.04 => 介於 0.8 ~ 1.2 的區間 (score=5)
- ROE: 10.57% => 在 10.0 ~ 20.0 的合理範圍 (score=5)
- DividendYield: 3.13% => 在 200 ~ 600 的合理範圍 (score=5)
- PEG: 資料缺失
- OperatingMargin: 7.17% => 低於參考值(10.0) (score=2)
- DebtToEquity: 60.46 => 介於 50 ~ 100 的區間 (score=5)
- CurrentRatio: 1.18 => 在 1 ~ 2 的合理範圍 (score=5)
- QuickRatio: 0.86 => 低於參考值(1) (score=2)
- RevenueGrowth: 3.90% => 低於參考值(5.0) (score=2)
- EarningsGrowth: 10.10% => 在 5.0 ~ 20.0 的合理範圍 (score=5)

【最終評級】平均分數 4.2 → 等級 C"
3037.TW,UNIMICRON TECHNOLOGY,45,4.090909090909091,C,"**[進階個股分析] 3037.TW / UNIMICRON TECHNOLOGY**
- PE: 27.38 => 高於參考值(25)，需留意高估風險 (score=2)
- PB: 2.32 => 介於 1 ~ 5 的區間 (score=5)
- Beta: 1.40 => 高於參考值(1.2)，需留意高估風險 (score=2)
- ROE: 8.66% => 低於參考值(10.0) (score=2)
- DividendYield: 2.11% => 在 200 ~ 600 的合理範圍 (score=5)
- PEG: 資料缺失
- OperatingMargin: 6.19% => 低於參考值(10.0) (score=2)
- DebtToEquity: 41.51 => 明顯低於參考值(50)，對投資人相對有利 (score=10)
- CurrentRatio: 1.62 => 在 1 ~ 2 的合理範圍 (score=5)
- QuickRatio: 1.28 => 在 1 ~ 2 的合理範圍 (score=5)
- RevenueGrowth: 19.50% => 在 5.0 ~ 20.0 的合理範圍 (score=5)
- EarningsGrowth: -61.50% => 低於參考值(5.0) (score=2)

【最終評級】平均分數 4.1 → 等級 C"
00679B.TWO,YUANTA SECURITIES INV TRUST CO ,18,3.6,C,"**[進階ETF分析] 00679B.TWO / YUANTA SECURITIES INV TRUST CO **
- ETF_PE: 資料缺失
- ETF_Yield: 4.69% => 在 2~6 的區間 (score=5)
- totalAssets: 301,016,481,792 => 在 100000000000.0~500000000000.0 的區間 (score=5)
- ETF_Beta3Y: 2.45 => 波動高於市場平均(1.2)，風險也較高 (score=4)
- threeYearAverageReturn: -7.64% => 低於參考值(0.03) (score=2)
- fiveYearAverageReturn: -5.24% => 低於參考值(0.03) (score=2)

【最終評級】平均分數 3.6 → 等級 C

【綜合建議】ETF 可作為分散投資的核心或衛星標的，建議定期定額並留意成分股調整。"
00687B.TWO,CATHAY SECS INV TRUST CO LTD BB,18,3.6,C,"**[進階ETF分析] 00687B.TWO / CATHAY SECS INV TRUST CO LTD BB**
- ETF_PE: 資料缺失
- ETF_Yield: 5.01% => 在 2~6 的區間 (score=5)
- totalAssets: 249,987,956,736 => 在 100000000000.0~500000000000.0 的區間 (score=5)
- ETF_Beta3Y: 2.50 => 波動高於市場平均(1.2)，風險也較高 (score=4)
- threeYearAverageReturn: -7.06% => 低於參考值(0.03) (score=2)
- fiveYearAverageReturn: -5.00% => 低於參考值(0.03) (score=2)

【最終評級】平均分數 3.6 → 等級 C

【綜合建議】ETF 可作為分散投資的核心或衛星標的，建議定期定額並留意成分股調整。"
00751B.TWO,YUANTA SECURITIES CO.LTD US 20+,18,3.6,C,"**[進階ETF分析] 00751B.TWO / YUANTA SECURITIES CO.LTD US 20+**
- ETF_PE: 資料缺失
- ETF_Yield: 5.46% => 在 2~6 的區間 (score=5)
- totalAssets: 156,781,625,344 => 在 100000000000.0~500000000000.0 的區間 (score=5)
- ETF_Beta3Y: 1.90 => 波動高於市場平均(1.2)，風險也較高 (score=4)
- threeYearAverageReturn: -2.58% => 低於參考值(0.03) (score=2)
- fiveYearAverageReturn: -2.30% => 低於參考值(0.03) (score=2)

【最終評級】平均分數 3.6 → 等級 C

【綜合建議】ETF 可作為分散投資的核心或衛星標的，建議定期定額並留意成分股調整。"
00720B.TWO,YUANTA SECURITIES INV TRUST CO ,18,3.6,C,"**[進階ETF分析] 00720B.TWO / YUANTA SECURITIES INV TRUST CO **
- ETF_PE: 資料缺失
- ETF_Yield: 5.75% => 在 2~6 的區間 (score=5)
- totalAssets: 151,231,070,208 => 在 100000000000.0~500000000000.0 的區間 (score=5)
- ETF_Beta3Y: 1.85 => 波動高於市場平均(1.2)，風險也較高 (score=4)
- threeYearAverageReturn: -0.91% => 低於參考值(0.03) (score=2)
- fiveYearAverageReturn: -0.70% => 低於參考值(0.03) (score=2)

【最終評級】平均分數 3.6 → 等級 C

【綜合建議】ETF 可作為分散投資的核心或衛星標的，建議定期定額並留意成分股調整。"
00772B.TWO,CTBC INVESTMENTS CO LTD CTBC BL,18,3.6,C,"**[進階ETF分析] 00772B.TWO / CTBC INVESTMENTS CO LTD CTBC BL**
- ETF_PE: 資料缺失
- ETF_Yield: 4.69% => 在 2~6 的區間 (score=5)
- totalAssets: 125,960,372,224 => 在 100000000000.0~500000000000.0 的區間 (score=5)
- ETF_Beta3Y: 1.77 => 波動高於市場平均(1.2)，風險也較高 (score=4)
- threeYearAverageReturn: -1.33% => 低於參考值(0.03) (score=2)
- fiveYearAverageReturn: -1.57% => 低於參考值(0.03) (score=2)

【最終評級】平均分數 3.6 → 等級 C

【綜合建議】ETF 可作為分散投資的核心或衛星標的，建議定期定額並留意成分股調整。"
00761B.TWO,CATHAY SECS INV TRUST CO LTD BB,18,3.6,C,"**[進階ETF分析] 00761B.TWO / CATHAY SECS INV TRUST CO LTD BB**
- ETF_PE: 資料缺失
- ETF_Yield: 5.35% => 在 2~6 的區間 (score=5)
- totalAssets: 100,653,850,624 => 在 100000000000.0~500000000000.0 的區間 (score=5)
- ETF_Beta3Y: 1.82 => 波動高於市場平均(1.2)，風險也較高 (score=4)
- threeYearAverageReturn: -1.23% => 低於參考值(0.03) (score=2)
- fiveYearAverageReturn: -1.62% => 低於參考值(0.03) (score=2)

【最終評級】平均分數 3.6 → 等級 C

【綜合建議】ETF 可作為分散投資的核心或衛星標的，建議定期定額並留意成分股調整。"
00773B.TWO,CTBC INVESTMENTS CO LTD CTBC BL,14,3.5,C,"**[進階ETF分析] 00773B.TWO / CTBC INVESTMENTS CO LTD CTBC BL**
- ETF_PE: 資料缺失
- ETF_Yield: 4.64% => 在 2~6 的區間 (score=5)
- totalAssets: 100,069,269,504 => 在 100000000000.0~500000000000.0 的區間 (score=5)
- ETF_Beta3Y: 資料缺失
- threeYearAverageReturn: -0.03% => 低於參考值(0.03) (score=2)
- fiveYearAverageReturn: -0.90% => 低於參考值(0.03) (score=2)

【最終評級】平均分數 3.5 → 等級 C

【綜合建議】ETF 可作為分散投資的核心或衛星標的，建議定期定額並留意成分股調整。"
00746B.TWO,FUBON SECURITIES INVSTMT TRUST ,15,3.0,C,"**[進階ETF分析] 00746B.TWO / FUBON SECURITIES INVSTMT TRUST **
- ETF_PE: 資料缺失
- ETF_Yield: 4.48% => 在 2~6 的區間 (score=5)
- totalAssets: 87,203,651,584 => 低於參考值(100000000000.0) (score=2)
- ETF_Beta3Y: 1.67 => 波動高於市場平均(1.2)，風險也較高 (score=4)
- threeYearAverageReturn: -0.10% => 低於參考值(0.03) (score=2)
- fiveYearAverageReturn: -0.70% => 低於參考值(0.03) (score=2)

【最終評級】平均分數 3.0 → 等級 C

【綜合建議】ETF 可作為分散投資的核心或衛星標的，建議定期定額並留意成分股調整。"
00724B.TWO,CAPITAL INV TRUST CORP CAP IND ,11,2.75,D,"**[進階ETF分析] 00724B.TWO / CAPITAL INV TRUST CORP CAP IND **
- ETF_PE: 資料缺失
- ETF_Yield: 5.17% => 在 2~6 的區間 (score=5)
- totalAssets: 99,761,733,632 => 低於參考值(100000000000.0) (score=2)
- ETF_Beta3Y: 資料缺失
- threeYearAverageReturn: 0.63% => 低於參考值(0.03) (score=2)
- fiveYearAverageReturn: -0.33% => 低於參考值(0.03) (score=2)

【最終評級】平均分數 2.8 → 等級 D

【綜合建議】ETF 可作為分散投資的核心或衛星標的，建議定期定額並留意成分股調整。"
00933B.TWO,CATHAY SECS INV TRUST CO LTD US,0,0.0,無法評級,"**[進階ETF分析] 00933B.TWO / CATHAY SECS INV TRUST CO LTD US**
- ETF_PE: 資料缺失
- ETF_Yield: 資料缺失
- totalAssets: 資料缺失
- ETF_Beta3Y: 資料缺失
- threeYearAverageReturn: 資料缺失
- fiveYearAverageReturn: 資料缺失

【最終評級】資料不足，無法評級

【綜合建議】ETF 可作為分散投資的核心或衛星標的，建議定期定額並留意成分股調整。"
